{"feature_names": ["volatility", "recent_return", "atr_pct", "max_drawdown", "rsi_14", "momentum_10", "volume_ratio_3_20", "beta_vs_spy", "sharpe_30d", "var_95", "cvar_95", "ret_1", "ret_5", "ma_ratio_10_20"], "mean": [0.04539218544960022, 0.07025792449712753, 0.07828842103481293, -0.13314570486545563, 52.23442840576172, 0.02567312680184841, 1.0107425451278687, 0.0, 0.0, 0.0, 0.0, 0.00565604493021965, 0.019752636551856995, 0.0036954267416149378], "std": [0.42429110407829285, 1.140170931816101, 1.5418896675109863, 0.11341976374387741, 17.296123504638672, 0.7870410680770874, 0.38637328147888184, 9.999999974752427e-07, 9.999999974752427e-07, 9.999999974752427e-07, 9.999999974752427e-07, 0.4326610267162323, 0.9649598598480225, 0.05237778648734093], "window": 30, "horizon": 5, "drawdown_thresh": -0.08, "up_return_thresh": 0.03, "class_thresholds": {"down": 0.49999999999999994, "up": 0.44999999999999996}, "metrics": {"val_auc_down": 0.7709360618014464, "val_auc_up": 0.6363524115973976, "val_ap_down": 0.29987538491132976, "val_ap_up": 0.35849385643365195}}